x_Pt,T_K,a_mean_Angstrom
1.00,300,3.929227
1.00,600,3.939210
1.00,900,3.947812
1.00,1200,3.956025
