x_Pt,T_K,a_mean_Angstrom
0.00,300,3.627368
0.00,600,3.643271
0.00,900,3.659298
0.00,1200,3.662356
