x_Pt,T_K,a_mean_Angstrom
1.00,300,3.924177
1.00,600,3.930585
1.00,900,3.936402
1.00,1200,3.941903
