x_Pt,T_K,a_mean_Angstrom
0.75,300,3.905010
0.75,600,3.910794
0.75,900,3.916460
0.75,1200,3.921890
