x_Pt,T_K,a_mean_Angstrom
0.25,300,3.804378
0.25,600,3.811630
0.25,900,3.820393
0.25,1200,3.829902
