x_Pt,T_K,a_mean_Angstrom
0.25,300,3.797614
0.25,600,3.810840
0.25,900,3.821455
0.25,1200,3.831466
