x_Pt,T_K,a_mean_Angstrom
0.50,300,3.869345
0.50,600,3.875383
0.50,900,3.881370
0.50,1200,3.887233
