x_Pt,T_K,a_mean_Angstrom
0.75,300,3.904274
0.75,600,3.910082
0.75,900,3.915804
0.75,1200,3.921076
