x_Pt,T_K,a_mean_Angstrom
1.00,300,3.924677
1.00,600,3.930400
1.00,900,3.935666
1.00,1200,3.939945
