x_Pt,T_K,a_mean_Angstrom
0.50,300,3.868558
0.50,600,3.874797
0.50,900,3.880770
0.50,1200,3.886734
