x_Pt,T_K,a_mean_Angstrom
0.25,300,3.796890
0.25,600,3.809427
0.25,900,3.819334
0.25,1200,3.828614
