x_Pt,T_K,a_mean_Angstrom
0.00,300,3.621271
0.00,600,3.629612
0.00,900,3.637757
0.00,1200,3.646252
