x_Pt,T_K,a_Angstrom
0.50,300,3.869891
0.50,600,3.878679
0.50,900,3.887385
0.50,1200,3.895685
