x_Pt,T_K,a_Angstrom
0.75,300,3.905863
0.75,600,3.914721
0.75,900,3.922977
0.75,1200,3.930848
