x_Pt,T_K,a_Angstrom
0.00,300,3.627262
0.00,600,3.642824
0.00,900,3.658739
0.00,1200,3.675255
